{
  "category": "ext",
  "target": [
    0,
    0.5,
    0
  ],
  "position": [
    8.050502204033101,
    1.1670355543177868,
    5.433806509625137
  ],
  "fov": 45.2295779513082,
  "behaviors": [
    {
      "type": "ORBIT",
      "options": {
        "allowAutoRotation": false,
        "lowerBetaLimit": 57.295881947743965,
        "upperBetaLimit": 97.4029993111647,
        "inertia": 0.9
      }
    },
    {
      "type": "ZOOM",
      "options": {
        "wheelPrecision": 0.01,
        "lowerRadiusLimit": 4.7,
        "upperRadiusLimit": 12
      }
    }
  ],
  "id": "v-class-camera-shot-ext"
}